Run,Paradigm,Workers,TimeSeconds
1,Process,1,39.209347
2,Process,1,39.118421
3,Process,1,35.439798
1,Process,2,19.974622
2,Process,2,20.142447
3,Process,2,19.990936
1,Process,3,23.913858
2,Process,3,19.488407
3,Process,3,23.393829
1,Process,4,18.776881
2,Process,4,18.960242
3,Process,4,19.616555
1,Process,5,26.604737
2,Process,5,22.055761
3,Process,5,22.074759
1,Process,6,19.971188
2,Process,6,19.449145
3,Process,6,20.264259
1,Process,7,21.088080
2,Process,7,21.405638
3,Process,7,20.440410
1,Process,8,19.838988
2,Process,8,19.842098
3,Process,8,19.147350
1,Process,9,20.690605
2,Process,9,20.940772
3,Process,9,20.672977
1,Process,10,19.841807
2,Process,10,19.505897
3,Process,10,19.994994
1,Thread,1,34.765802
2,Thread,1,33.825585
3,Thread,1,32.643675
1,Thread,2,18.637883
2,Thread,2,18.339618
3,Thread,2,18.310792
1,Thread,3,19.340553
2,Thread,3,22.135838
3,Thread,3,18.670074
1,Thread,4,18.304208
2,Thread,4,18.710272
3,Thread,4,19.458572
1,Thread,5,20.035435
2,Thread,5,19.218439
3,Thread,5,18.471928
1,Thread,6,20.121103
2,Thread,6,18.656008
3,Thread,6,18.503751
1,Thread,7,19.063496
2,Thread,7,18.254397
3,Thread,7,18.439394
1,Thread,8,18.670744
2,Thread,8,18.493827
3,Thread,8,19.034268
1,Thread,9,19.507530
2,Thread,9,21.140315
3,Thread,9,19.747569
1,Thread,10,19.112296
2,Thread,10,18.878478
3,Thread,10,20.077350
